Cable,Seed 41-train,Seed 41-test,Seed 42-train,Seed 42-test,Seed 43-train,Seed 43-test
S16,0.9961508,0.9928572,0.9963942,0.99228054,0.99636316,0.9919937
S17,0.9983757,0.99333394,0.9983556,0.9945915,0.998303,0.99436945
S18,0.9969979,0.9902869,0.99684685,0.9905325,0.9967418,0.99050444
