Cable,Seed 41-train,Seed 41-test,Seed 42-train,Seed 42-test,Seed 43-train,Seed 43-test
S16,0.9979539,0.99277496,0.9980258,0.9929393,0.9979114,0.99341166
S17,0.9989775,0.994836,0.9990166,0.9953823,0.9989305,0.99563354
S18,0.998095,0.9930017,0.9981247,0.9923956,0.9980156,0.9924292
