Cable,Seed 41-train,Seed 41-test,Seed 42-train,Seed 42-test,Seed 43-train,Seed 43-test
S16,0.9992386,0.9883541,0.9991994,0.9866167,0.99933577,0.9873024
S17,0.9995287,0.98970515,0.9996292,0.98968714,0.9995803,0.9888486
S18,0.99809605,0.98864007,0.9995177,0.98595864,0.99935263,0.9871129
